"product_type","region_id","date","Quantity"
1,1,"2020-12-13",2613
1,1,"2020-12-20",2887
1,1,"2020-12-27",1880
1,1,"2021-01-03",1260
1,1,"2021-01-10",2613
1,1,"2021-01-17",2887
1,1,"2021-01-24",1880
1,1,"2021-01-31",1260
1,1,"2021-02-07",2613
1,1,"2021-02-14",2887
1,1,"2021-02-21",1880
1,1,"2021-02-28",1260
1,1,"2021-03-07",2613
1,2,"2020-12-13",66
1,2,"2020-12-20",29
1,2,"2020-12-27",99
1,2,"2021-01-03",0
1,2,"2021-01-10",66
1,2,"2021-01-17",29
1,2,"2021-01-24",99
1,2,"2021-01-31",0
1,2,"2021-02-07",66
1,2,"2021-02-14",29
1,2,"2021-02-21",99
1,2,"2021-02-28",0
1,2,"2021-03-07",66
1,3,"2020-12-13",0
1,3,"2020-12-20",0
1,3,"2020-12-27",0
1,3,"2021-01-03",0
1,3,"2021-01-10",0
1,3,"2021-01-17",0
1,3,"2021-01-24",0
1,3,"2021-01-31",0
1,3,"2021-02-07",0
1,3,"2021-02-14",0
1,3,"2021-02-21",0
1,3,"2021-02-28",0
1,3,"2021-03-07",0
1,4,"2020-12-13",0
1,4,"2020-12-20",0
1,4,"2020-12-27",10
1,4,"2021-01-03",0
1,4,"2021-01-10",0
1,4,"2021-01-17",0
1,4,"2021-01-24",10
1,4,"2021-01-31",0
1,4,"2021-02-07",0
1,4,"2021-02-14",0
1,4,"2021-02-21",10
1,4,"2021-02-28",0
1,4,"2021-03-07",0
1,5,"2020-12-13",15
1,5,"2020-12-20",55
1,5,"2020-12-27",1023
1,5,"2021-01-03",0
1,5,"2021-01-10",15
1,5,"2021-01-17",55
1,5,"2021-01-24",1023
1,5,"2021-01-31",0
1,5,"2021-02-07",15
1,5,"2021-02-14",55
1,5,"2021-02-21",1023
1,5,"2021-02-28",0
1,5,"2021-03-07",15
1,6,"2020-12-13",0
1,6,"2020-12-20",16
1,6,"2020-12-27",340
1,6,"2021-01-03",25
1,6,"2021-01-10",0
1,6,"2021-01-17",16
1,6,"2021-01-24",340
1,6,"2021-01-31",25
1,6,"2021-02-07",0
1,6,"2021-02-14",16
1,6,"2021-02-21",340
1,6,"2021-02-28",25
1,6,"2021-03-07",0
1,7,"2020-12-13",59
1,7,"2020-12-20",50
1,7,"2020-12-27",24
1,7,"2021-01-03",4
1,7,"2021-01-10",59
1,7,"2021-01-17",50
1,7,"2021-01-24",24
1,7,"2021-01-31",4
1,7,"2021-02-07",59
1,7,"2021-02-14",50
1,7,"2021-02-21",24
1,7,"2021-02-28",4
1,7,"2021-03-07",59
1,8,"2020-12-13",25
1,8,"2020-12-20",0
1,8,"2020-12-27",0
1,8,"2021-01-03",0
1,8,"2021-01-10",25
1,8,"2021-01-17",0
1,8,"2021-01-24",0
1,8,"2021-01-31",0
1,8,"2021-02-07",25
1,8,"2021-02-14",0
1,8,"2021-02-21",0
1,8,"2021-02-28",0
1,8,"2021-03-07",25
1,9,"2020-12-13",0
1,9,"2020-12-20",0
1,9,"2020-12-27",0
1,9,"2021-01-03",0
1,9,"2021-01-10",0
1,9,"2021-01-17",0
1,9,"2021-01-24",0
1,9,"2021-01-31",0
1,9,"2021-02-07",0
1,9,"2021-02-14",0
1,9,"2021-02-21",0
1,9,"2021-02-28",0
1,9,"2021-03-07",0
1,10,"2020-12-13",0
1,10,"2020-12-20",0
1,10,"2020-12-27",0
1,10,"2021-01-03",0
1,10,"2021-01-10",0
1,10,"2021-01-17",0
1,10,"2021-01-24",0
1,10,"2021-01-31",0
1,10,"2021-02-07",0
1,10,"2021-02-14",0
1,10,"2021-02-21",0
1,10,"2021-02-28",0
1,10,"2021-03-07",0
1,11,"2020-12-13",0
1,11,"2020-12-20",0
1,11,"2020-12-27",0
1,11,"2021-01-03",0
1,11,"2021-01-10",0
1,11,"2021-01-17",0
1,11,"2021-01-24",0
1,11,"2021-01-31",0
1,11,"2021-02-07",0
1,11,"2021-02-14",0
1,11,"2021-02-21",0
1,11,"2021-02-28",0
1,11,"2021-03-07",0
1,12,"2020-12-13",0
1,12,"2020-12-20",24
1,12,"2020-12-27",0
1,12,"2021-01-03",0
1,12,"2021-01-10",0
1,12,"2021-01-17",24
1,12,"2021-01-24",0
1,12,"2021-01-31",0
1,12,"2021-02-07",0
1,12,"2021-02-14",24
1,12,"2021-02-21",0
1,12,"2021-02-28",0
1,12,"2021-03-07",0
1,13,"2020-12-13",0
1,13,"2020-12-20",0
1,13,"2020-12-27",0
1,13,"2021-01-03",0
1,13,"2021-01-10",0
1,13,"2021-01-17",0
1,13,"2021-01-24",0
1,13,"2021-01-31",0
1,13,"2021-02-07",0
1,13,"2021-02-14",0
1,13,"2021-02-21",0
1,13,"2021-02-28",0
1,13,"2021-03-07",0
1,14,"2020-12-13",0
1,14,"2020-12-20",0
1,14,"2020-12-27",0
1,14,"2021-01-03",0
1,14,"2021-01-10",0
1,14,"2021-01-17",0
1,14,"2021-01-24",0
1,14,"2021-01-31",0
1,14,"2021-02-07",0
1,14,"2021-02-14",0
1,14,"2021-02-21",0
1,14,"2021-02-28",0
1,14,"2021-03-07",0
1,15,"2020-12-13",0
1,15,"2020-12-20",0
1,15,"2020-12-27",0
1,15,"2021-01-03",0
1,15,"2021-01-10",0
1,15,"2021-01-17",0
1,15,"2021-01-24",0
1,15,"2021-01-31",0
1,15,"2021-02-07",0
1,15,"2021-02-14",0
1,15,"2021-02-21",0
1,15,"2021-02-28",0
1,15,"2021-03-07",0
1,17,"2020-12-13",0
1,17,"2020-12-20",0
1,17,"2020-12-27",0
1,17,"2021-01-03",0
1,17,"2021-01-10",0
1,17,"2021-01-17",0
1,17,"2021-01-24",0
1,17,"2021-01-31",0
1,17,"2021-02-07",0
1,17,"2021-02-14",0
1,17,"2021-02-21",0
1,17,"2021-02-28",0
1,17,"2021-03-07",0
1,18,"2020-12-13",0
1,18,"2020-12-20",0
1,18,"2020-12-27",0
1,18,"2021-01-03",0
1,18,"2021-01-10",0
1,18,"2021-01-17",0
1,18,"2021-01-24",0
1,18,"2021-01-31",0
1,18,"2021-02-07",0
1,18,"2021-02-14",0
1,18,"2021-02-21",0
1,18,"2021-02-28",0
1,18,"2021-03-07",0
1,19,"2020-12-13",0
1,19,"2020-12-20",0
1,19,"2020-12-27",0
1,19,"2021-01-03",0
1,19,"2021-01-10",0
1,19,"2021-01-17",0
1,19,"2021-01-24",0
1,19,"2021-01-31",0
1,19,"2021-02-07",0
1,19,"2021-02-14",0
1,19,"2021-02-21",0
1,19,"2021-02-28",0
1,19,"2021-03-07",0
1,20,"2020-12-13",40
1,20,"2020-12-20",0
1,20,"2020-12-27",0
1,20,"2021-01-03",0
1,20,"2021-01-10",40
1,20,"2021-01-17",0
1,20,"2021-01-24",0
1,20,"2021-01-31",0
1,20,"2021-02-07",40
1,20,"2021-02-14",0
1,20,"2021-02-21",0
1,20,"2021-02-28",0
1,20,"2021-03-07",40
1,21,"2020-12-13",0
1,21,"2020-12-20",0
1,21,"2020-12-27",0
1,21,"2021-01-03",0
1,21,"2021-01-10",0
1,21,"2021-01-17",0
1,21,"2021-01-24",0
1,21,"2021-01-31",0
1,21,"2021-02-07",0
1,21,"2021-02-14",0
1,21,"2021-02-21",0
1,21,"2021-02-28",0
1,21,"2021-03-07",0
1,22,"2020-12-13",0
1,22,"2020-12-20",0
1,22,"2020-12-27",0
1,22,"2021-01-03",0
1,22,"2021-01-10",0
1,22,"2021-01-17",0
1,22,"2021-01-24",0
1,22,"2021-01-31",0
1,22,"2021-02-07",0
1,22,"2021-02-14",0
1,22,"2021-02-21",0
1,22,"2021-02-28",0
1,22,"2021-03-07",0
1,23,"2020-12-13",0
1,23,"2020-12-20",0
1,23,"2020-12-27",0
1,23,"2021-01-03",40
1,23,"2021-01-10",0
1,23,"2021-01-17",0
1,23,"2021-01-24",0
1,23,"2021-01-31",40
1,23,"2021-02-07",0
1,23,"2021-02-14",0
1,23,"2021-02-21",0
1,23,"2021-02-28",40
1,23,"2021-03-07",0
2,1,"2020-12-13",100823
2,1,"2020-12-20",101479
2,1,"2020-12-27",59086
2,1,"2021-01-03",44596
2,1,"2021-01-10",100823
2,1,"2021-01-17",101479
2,1,"2021-01-24",59086
2,1,"2021-01-31",44596
2,1,"2021-02-07",100823
2,1,"2021-02-14",101479
2,1,"2021-02-21",59086
2,1,"2021-02-28",44596
2,1,"2021-03-07",100823
2,2,"2020-12-13",3447
2,2,"2020-12-20",2964
2,2,"2020-12-27",2679
2,2,"2021-01-03",2035
2,2,"2021-01-10",3447
2,2,"2021-01-17",2964
2,2,"2021-01-24",2679
2,2,"2021-01-31",2035
2,2,"2021-02-07",3447
2,2,"2021-02-14",2964
2,2,"2021-02-21",2679
2,2,"2021-02-28",2035
2,2,"2021-03-07",3447
2,3,"2020-12-13",2900
2,3,"2020-12-20",224
2,3,"2020-12-27",151
2,3,"2021-01-03",370
2,3,"2021-01-10",2900
2,3,"2021-01-17",224
2,3,"2021-01-24",151
2,3,"2021-01-31",370
2,3,"2021-02-07",2900
2,3,"2021-02-14",224
2,3,"2021-02-21",151
2,3,"2021-02-28",370
2,3,"2021-03-07",2900
2,4,"2020-12-13",306
2,4,"2020-12-20",7242
2,4,"2020-12-27",11388
2,4,"2021-01-03",992
2,4,"2021-01-10",306
2,4,"2021-01-17",7242
2,4,"2021-01-24",11388
2,4,"2021-01-31",992
2,4,"2021-02-07",306
2,4,"2021-02-14",7242
2,4,"2021-02-21",11388
2,4,"2021-02-28",992
2,4,"2021-03-07",306
2,5,"2020-12-13",4184
2,5,"2020-12-20",3127
2,5,"2020-12-27",5212
2,5,"2021-01-03",1571
2,5,"2021-01-10",4184
2,5,"2021-01-17",3127
2,5,"2021-01-24",5212
2,5,"2021-01-31",1571
2,5,"2021-02-07",4184
2,5,"2021-02-14",3127
2,5,"2021-02-21",5212
2,5,"2021-02-28",1571
2,5,"2021-03-07",4184
2,6,"2020-12-13",173
2,6,"2020-12-20",562
2,6,"2020-12-27",1555
2,6,"2021-01-03",535
2,6,"2021-01-10",173
2,6,"2021-01-17",562
2,6,"2021-01-24",1555
2,6,"2021-01-31",535
2,6,"2021-02-07",173
2,6,"2021-02-14",562
2,6,"2021-02-21",1555
2,6,"2021-02-28",535
2,6,"2021-03-07",173
2,7,"2020-12-13",5083
2,7,"2020-12-20",2490
2,7,"2020-12-27",391
2,7,"2021-01-03",1893
2,7,"2021-01-10",5083
2,7,"2021-01-17",2490
2,7,"2021-01-24",391
2,7,"2021-01-31",1893
2,7,"2021-02-07",5083
2,7,"2021-02-14",2490
2,7,"2021-02-21",391
2,7,"2021-02-28",1893
2,7,"2021-03-07",5083
2,8,"2020-12-13",620
2,8,"2020-12-20",169
2,8,"2020-12-27",140
2,8,"2021-01-03",335
2,8,"2021-01-10",620
2,8,"2021-01-17",169
2,8,"2021-01-24",140
2,8,"2021-01-31",335
2,8,"2021-02-07",620
2,8,"2021-02-14",169
2,8,"2021-02-21",140
2,8,"2021-02-28",335
2,8,"2021-03-07",620
2,9,"2020-12-13",969
2,9,"2020-12-20",270
2,9,"2020-12-27",116
2,9,"2021-01-03",0
2,9,"2021-01-10",969
2,9,"2021-01-17",270
2,9,"2021-01-24",116
2,9,"2021-01-31",0
2,9,"2021-02-07",969
2,9,"2021-02-14",270
2,9,"2021-02-21",116
2,9,"2021-02-28",0
2,9,"2021-03-07",969
2,10,"2020-12-13",0
2,10,"2020-12-20",0
2,10,"2020-12-27",0
2,10,"2021-01-03",0
2,10,"2021-01-10",0
2,10,"2021-01-17",0
2,10,"2021-01-24",0
2,10,"2021-01-31",0
2,10,"2021-02-07",0
2,10,"2021-02-14",0
2,10,"2021-02-21",0
2,10,"2021-02-28",0
2,10,"2021-03-07",0
2,11,"2020-12-13",61
2,11,"2020-12-20",430
2,11,"2020-12-27",290
2,11,"2021-01-03",0
2,11,"2021-01-10",61
2,11,"2021-01-17",430
2,11,"2021-01-24",290
2,11,"2021-01-31",0
2,11,"2021-02-07",61
2,11,"2021-02-14",430
2,11,"2021-02-21",290
2,11,"2021-02-28",0
2,11,"2021-03-07",61
2,12,"2020-12-13",1237
2,12,"2020-12-20",324
2,12,"2020-12-27",0
2,12,"2021-01-03",0
2,12,"2021-01-10",1237
2,12,"2021-01-17",324
2,12,"2021-01-24",0
2,12,"2021-01-31",0
2,12,"2021-02-07",1237
2,12,"2021-02-14",324
2,12,"2021-02-21",0
2,12,"2021-02-28",0
2,12,"2021-03-07",1237
2,13,"2020-12-13",921
2,13,"2020-12-20",171
2,13,"2020-12-27",805
2,13,"2021-01-03",162
2,13,"2021-01-10",921
2,13,"2021-01-17",171
2,13,"2021-01-24",805
2,13,"2021-01-31",162
2,13,"2021-02-07",921
2,13,"2021-02-14",171
2,13,"2021-02-21",805
2,13,"2021-02-28",162
2,13,"2021-03-07",921
2,14,"2020-12-13",0
2,14,"2020-12-20",0
2,14,"2020-12-27",0
2,14,"2021-01-03",0
2,14,"2021-01-10",0
2,14,"2021-01-17",0
2,14,"2021-01-24",0
2,14,"2021-01-31",0
2,14,"2021-02-07",0
2,14,"2021-02-14",0
2,14,"2021-02-21",0
2,14,"2021-02-28",0
2,14,"2021-03-07",0
2,15,"2020-12-13",2210
2,15,"2020-12-20",0
2,15,"2020-12-27",2040
2,15,"2021-01-03",0
2,15,"2021-01-10",2210
2,15,"2021-01-17",0
2,15,"2021-01-24",2040
2,15,"2021-01-31",0
2,15,"2021-02-07",2210
2,15,"2021-02-14",0
2,15,"2021-02-21",2040
2,15,"2021-02-28",0
2,15,"2021-03-07",2210
2,17,"2020-12-13",0
2,17,"2020-12-20",0
2,17,"2020-12-27",0
2,17,"2021-01-03",0
2,17,"2021-01-10",0
2,17,"2021-01-17",0
2,17,"2021-01-24",0
2,17,"2021-01-31",0
2,17,"2021-02-07",0
2,17,"2021-02-14",0
2,17,"2021-02-21",0
2,17,"2021-02-28",0
2,17,"2021-03-07",0
2,18,"2020-12-13",61
2,18,"2020-12-20",0
2,18,"2020-12-27",0
2,18,"2021-01-03",0
2,18,"2021-01-10",61
2,18,"2021-01-17",0
2,18,"2021-01-24",0
2,18,"2021-01-31",0
2,18,"2021-02-07",61
2,18,"2021-02-14",0
2,18,"2021-02-21",0
2,18,"2021-02-28",0
2,18,"2021-03-07",61
2,19,"2020-12-13",789
2,19,"2020-12-20",0
2,19,"2020-12-27",344
2,19,"2021-01-03",0
2,19,"2021-01-10",789
2,19,"2021-01-17",0
2,19,"2021-01-24",344
2,19,"2021-01-31",0
2,19,"2021-02-07",789
2,19,"2021-02-14",0
2,19,"2021-02-21",344
2,19,"2021-02-28",0
2,19,"2021-03-07",789
2,20,"2020-12-13",224
2,20,"2020-12-20",0
2,20,"2020-12-27",60
2,20,"2021-01-03",0
2,20,"2021-01-10",224
2,20,"2021-01-17",0
2,20,"2021-01-24",60
2,20,"2021-01-31",0
2,20,"2021-02-07",224
2,20,"2021-02-14",0
2,20,"2021-02-21",60
2,20,"2021-02-28",0
2,20,"2021-03-07",224
2,21,"2020-12-13",66
2,21,"2020-12-20",116
2,21,"2020-12-27",1834
2,21,"2021-01-03",0
2,21,"2021-01-10",66
2,21,"2021-01-17",116
2,21,"2021-01-24",1834
2,21,"2021-01-31",0
2,21,"2021-02-07",66
2,21,"2021-02-14",116
2,21,"2021-02-21",1834
2,21,"2021-02-28",0
2,21,"2021-03-07",66
2,22,"2020-12-13",173
2,22,"2020-12-20",0
2,22,"2020-12-27",307
2,22,"2021-01-03",367
2,22,"2021-01-10",173
2,22,"2021-01-17",0
2,22,"2021-01-24",307
2,22,"2021-01-31",367
2,22,"2021-02-07",173
2,22,"2021-02-14",0
2,22,"2021-02-21",307
2,22,"2021-02-28",367
2,22,"2021-03-07",173
2,23,"2020-12-13",104
2,23,"2020-12-20",0
2,23,"2020-12-27",0
2,23,"2021-01-03",42
2,23,"2021-01-10",104
2,23,"2021-01-17",0
2,23,"2021-01-24",0
2,23,"2021-01-31",42
2,23,"2021-02-07",104
2,23,"2021-02-14",0
2,23,"2021-02-21",0
2,23,"2021-02-28",42
2,23,"2021-03-07",104
3,1,"2020-12-13",1563
3,1,"2020-12-20",1553
3,1,"2020-12-27",624
3,1,"2021-01-03",302
3,1,"2021-01-10",1563
3,1,"2021-01-17",1553
3,1,"2021-01-24",624
3,1,"2021-01-31",302
3,1,"2021-02-07",1563
3,1,"2021-02-14",1553
3,1,"2021-02-21",624
3,1,"2021-02-28",302
3,1,"2021-03-07",1563
3,2,"2020-12-13",72
3,2,"2020-12-20",13
3,2,"2020-12-27",0
3,2,"2021-01-03",24
3,2,"2021-01-10",72
3,2,"2021-01-17",13
3,2,"2021-01-24",0
3,2,"2021-01-31",24
3,2,"2021-02-07",72
3,2,"2021-02-14",13
3,2,"2021-02-21",0
3,2,"2021-02-28",24
3,2,"2021-03-07",72
3,3,"2020-12-13",0
3,3,"2020-12-20",0
3,3,"2020-12-27",0
3,3,"2021-01-03",4
3,3,"2021-01-10",0
3,3,"2021-01-17",0
3,3,"2021-01-24",0
3,3,"2021-01-31",4
3,3,"2021-02-07",0
3,3,"2021-02-14",0
3,3,"2021-02-21",0
3,3,"2021-02-28",4
3,3,"2021-03-07",0
3,4,"2020-12-13",0
3,4,"2020-12-20",12
3,4,"2020-12-27",288
3,4,"2021-01-03",0
3,4,"2021-01-10",0
3,4,"2021-01-17",12
3,4,"2021-01-24",288
3,4,"2021-01-31",0
3,4,"2021-02-07",0
3,4,"2021-02-14",12
3,4,"2021-02-21",288
3,4,"2021-02-28",0
3,4,"2021-03-07",0
3,5,"2020-12-13",114
3,5,"2020-12-20",36
3,5,"2020-12-27",24
3,5,"2021-01-03",0
3,5,"2021-01-10",114
3,5,"2021-01-17",36
3,5,"2021-01-24",24
3,5,"2021-01-31",0
3,5,"2021-02-07",114
3,5,"2021-02-14",36
3,5,"2021-02-21",24
3,5,"2021-02-28",0
3,5,"2021-03-07",114
3,6,"2020-12-13",0
3,6,"2020-12-20",0
3,6,"2020-12-27",0
3,6,"2021-01-03",24
3,6,"2021-01-10",0
3,6,"2021-01-17",0
3,6,"2021-01-24",0
3,6,"2021-01-31",24
3,6,"2021-02-07",0
3,6,"2021-02-14",0
3,6,"2021-02-21",0
3,6,"2021-02-28",24
3,6,"2021-03-07",0
3,7,"2020-12-13",18
3,7,"2020-12-20",42
3,7,"2020-12-27",0
3,7,"2021-01-03",6
3,7,"2021-01-10",18
3,7,"2021-01-17",42
3,7,"2021-01-24",0
3,7,"2021-01-31",6
3,7,"2021-02-07",18
3,7,"2021-02-14",42
3,7,"2021-02-21",0
3,7,"2021-02-28",6
3,7,"2021-03-07",18
3,8,"2020-12-13",0
3,8,"2020-12-20",0
3,8,"2020-12-27",0
3,8,"2021-01-03",0
3,8,"2021-01-10",0
3,8,"2021-01-17",0
3,8,"2021-01-24",0
3,8,"2021-01-31",0
3,8,"2021-02-07",0
3,8,"2021-02-14",0
3,8,"2021-02-21",0
3,8,"2021-02-28",0
3,8,"2021-03-07",0
3,9,"2020-12-13",86
3,9,"2020-12-20",0
3,9,"2020-12-27",0
3,9,"2021-01-03",0
3,9,"2021-01-10",86
3,9,"2021-01-17",0
3,9,"2021-01-24",0
3,9,"2021-01-31",0
3,9,"2021-02-07",86
3,9,"2021-02-14",0
3,9,"2021-02-21",0
3,9,"2021-02-28",0
3,9,"2021-03-07",86
3,10,"2020-12-13",0
3,10,"2020-12-20",0
3,10,"2020-12-27",0
3,10,"2021-01-03",0
3,10,"2021-01-10",0
3,10,"2021-01-17",0
3,10,"2021-01-24",0
3,10,"2021-01-31",0
3,10,"2021-02-07",0
3,10,"2021-02-14",0
3,10,"2021-02-21",0
3,10,"2021-02-28",0
3,10,"2021-03-07",0
3,11,"2020-12-13",4
3,11,"2020-12-20",0
3,11,"2020-12-27",0
3,11,"2021-01-03",0
3,11,"2021-01-10",4
3,11,"2021-01-17",0
3,11,"2021-01-24",0
3,11,"2021-01-31",0
3,11,"2021-02-07",4
3,11,"2021-02-14",0
3,11,"2021-02-21",0
3,11,"2021-02-28",0
3,11,"2021-03-07",4
3,12,"2020-12-13",36
3,12,"2020-12-20",0
3,12,"2020-12-27",0
3,12,"2021-01-03",0
3,12,"2021-01-10",36
3,12,"2021-01-17",0
3,12,"2021-01-24",0
3,12,"2021-01-31",0
3,12,"2021-02-07",36
3,12,"2021-02-14",0
3,12,"2021-02-21",0
3,12,"2021-02-28",0
3,12,"2021-03-07",36
3,13,"2020-12-13",0
3,13,"2020-12-20",0
3,13,"2020-12-27",0
3,13,"2021-01-03",0
3,13,"2021-01-10",0
3,13,"2021-01-17",0
3,13,"2021-01-24",0
3,13,"2021-01-31",0
3,13,"2021-02-07",0
3,13,"2021-02-14",0
3,13,"2021-02-21",0
3,13,"2021-02-28",0
3,13,"2021-03-07",0
3,14,"2020-12-13",0
3,14,"2020-12-20",0
3,14,"2020-12-27",0
3,14,"2021-01-03",0
3,14,"2021-01-10",0
3,14,"2021-01-17",0
3,14,"2021-01-24",0
3,14,"2021-01-31",0
3,14,"2021-02-07",0
3,14,"2021-02-14",0
3,14,"2021-02-21",0
3,14,"2021-02-28",0
3,14,"2021-03-07",0
3,15,"2020-12-13",0
3,15,"2020-12-20",0
3,15,"2020-12-27",0
3,15,"2021-01-03",0
3,15,"2021-01-10",0
3,15,"2021-01-17",0
3,15,"2021-01-24",0
3,15,"2021-01-31",0
3,15,"2021-02-07",0
3,15,"2021-02-14",0
3,15,"2021-02-21",0
3,15,"2021-02-28",0
3,15,"2021-03-07",0
3,17,"2020-12-13",0
3,17,"2020-12-20",0
3,17,"2020-12-27",0
3,17,"2021-01-03",0
3,17,"2021-01-10",0
3,17,"2021-01-17",0
3,17,"2021-01-24",0
3,17,"2021-01-31",0
3,17,"2021-02-07",0
3,17,"2021-02-14",0
3,17,"2021-02-21",0
3,17,"2021-02-28",0
3,17,"2021-03-07",0
3,18,"2020-12-13",12
3,18,"2020-12-20",0
3,18,"2020-12-27",0
3,18,"2021-01-03",0
3,18,"2021-01-10",12
3,18,"2021-01-17",0
3,18,"2021-01-24",0
3,18,"2021-01-31",0
3,18,"2021-02-07",12
3,18,"2021-02-14",0
3,18,"2021-02-21",0
3,18,"2021-02-28",0
3,18,"2021-03-07",12
3,19,"2020-12-13",0
3,19,"2020-12-20",0
3,19,"2020-12-27",60
3,19,"2021-01-03",0
3,19,"2021-01-10",0
3,19,"2021-01-17",0
3,19,"2021-01-24",60
3,19,"2021-01-31",0
3,19,"2021-02-07",0
3,19,"2021-02-14",0
3,19,"2021-02-21",60
3,19,"2021-02-28",0
3,19,"2021-03-07",0
3,20,"2020-12-13",1
3,20,"2020-12-20",0
3,20,"2020-12-27",0
3,20,"2021-01-03",0
3,20,"2021-01-10",1
3,20,"2021-01-17",0
3,20,"2021-01-24",0
3,20,"2021-01-31",0
3,20,"2021-02-07",1
3,20,"2021-02-14",0
3,20,"2021-02-21",0
3,20,"2021-02-28",0
3,20,"2021-03-07",1
3,21,"2020-12-13",0
3,21,"2020-12-20",0
3,21,"2020-12-27",0
3,21,"2021-01-03",0
3,21,"2021-01-10",0
3,21,"2021-01-17",0
3,21,"2021-01-24",0
3,21,"2021-01-31",0
3,21,"2021-02-07",0
3,21,"2021-02-14",0
3,21,"2021-02-21",0
3,21,"2021-02-28",0
3,21,"2021-03-07",0
3,22,"2020-12-13",0
3,22,"2020-12-20",0
3,22,"2020-12-27",0
3,22,"2021-01-03",0
3,22,"2021-01-10",0
3,22,"2021-01-17",0
3,22,"2021-01-24",0
3,22,"2021-01-31",0
3,22,"2021-02-07",0
3,22,"2021-02-14",0
3,22,"2021-02-21",0
3,22,"2021-02-28",0
3,22,"2021-03-07",0
3,23,"2020-12-13",2
3,23,"2020-12-20",0
3,23,"2020-12-27",0
3,23,"2021-01-03",14
3,23,"2021-01-10",2
3,23,"2021-01-17",0
3,23,"2021-01-24",0
3,23,"2021-01-31",14
3,23,"2021-02-07",2
3,23,"2021-02-14",0
3,23,"2021-02-21",0
3,23,"2021-02-28",14
3,23,"2021-03-07",2
4,1,"2020-12-13",1248
4,1,"2020-12-20",928
4,1,"2020-12-27",934
4,1,"2021-01-03",601
4,1,"2021-01-10",1248
4,1,"2021-01-17",928
4,1,"2021-01-24",934
4,1,"2021-01-31",601
4,1,"2021-02-07",1248
4,1,"2021-02-14",928
4,1,"2021-02-21",934
4,1,"2021-02-28",601
4,1,"2021-03-07",1248
4,2,"2020-12-13",20
4,2,"2020-12-20",0
4,2,"2020-12-27",10
4,2,"2021-01-03",4
4,2,"2021-01-10",20
4,2,"2021-01-17",0
4,2,"2021-01-24",10
4,2,"2021-01-31",4
4,2,"2021-02-07",20
4,2,"2021-02-14",0
4,2,"2021-02-21",10
4,2,"2021-02-28",4
4,2,"2021-03-07",20
4,3,"2020-12-13",110
4,3,"2020-12-20",0
4,3,"2020-12-27",6
4,3,"2021-01-03",0
4,3,"2021-01-10",110
4,3,"2021-01-17",0
4,3,"2021-01-24",6
4,3,"2021-01-31",0
4,3,"2021-02-07",110
4,3,"2021-02-14",0
4,3,"2021-02-21",6
4,3,"2021-02-28",0
4,3,"2021-03-07",110
4,4,"2020-12-13",0
4,4,"2020-12-20",50
4,4,"2020-12-27",214
4,4,"2021-01-03",0
4,4,"2021-01-10",0
4,4,"2021-01-17",50
4,4,"2021-01-24",214
4,4,"2021-01-31",0
4,4,"2021-02-07",0
4,4,"2021-02-14",50
4,4,"2021-02-21",214
4,4,"2021-02-28",0
4,4,"2021-03-07",0
4,5,"2020-12-13",78
4,5,"2020-12-20",27
4,5,"2020-12-27",28
4,5,"2021-01-03",0
4,5,"2021-01-10",78
4,5,"2021-01-17",27
4,5,"2021-01-24",28
4,5,"2021-01-31",0
4,5,"2021-02-07",78
4,5,"2021-02-14",27
4,5,"2021-02-21",28
4,5,"2021-02-28",0
4,5,"2021-03-07",78
4,6,"2020-12-13",0
4,6,"2020-12-20",8
4,6,"2020-12-27",46
4,6,"2021-01-03",8
4,6,"2021-01-10",0
4,6,"2021-01-17",8
4,6,"2021-01-24",46
4,6,"2021-01-31",8
4,6,"2021-02-07",0
4,6,"2021-02-14",8
4,6,"2021-02-21",46
4,6,"2021-02-28",8
4,6,"2021-03-07",0
4,7,"2020-12-13",114
4,7,"2020-12-20",20
4,7,"2020-12-27",2
4,7,"2021-01-03",18
4,7,"2021-01-10",114
4,7,"2021-01-17",20
4,7,"2021-01-24",2
4,7,"2021-01-31",18
4,7,"2021-02-07",114
4,7,"2021-02-14",20
4,7,"2021-02-21",2
4,7,"2021-02-28",18
4,7,"2021-03-07",114
4,8,"2020-12-13",0
4,8,"2020-12-20",0
4,8,"2020-12-27",10
4,8,"2021-01-03",0
4,8,"2021-01-10",0
4,8,"2021-01-17",0
4,8,"2021-01-24",10
4,8,"2021-01-31",0
4,8,"2021-02-07",0
4,8,"2021-02-14",0
4,8,"2021-02-21",10
4,8,"2021-02-28",0
4,8,"2021-03-07",0
4,9,"2020-12-13",8
4,9,"2020-12-20",6
4,9,"2020-12-27",0
4,9,"2021-01-03",0
4,9,"2021-01-10",8
4,9,"2021-01-17",6
4,9,"2021-01-24",0
4,9,"2021-01-31",0
4,9,"2021-02-07",8
4,9,"2021-02-14",6
4,9,"2021-02-21",0
4,9,"2021-02-28",0
4,9,"2021-03-07",8
4,10,"2020-12-13",0
4,10,"2020-12-20",0
4,10,"2020-12-27",0
4,10,"2021-01-03",0
4,10,"2021-01-10",0
4,10,"2021-01-17",0
4,10,"2021-01-24",0
4,10,"2021-01-31",0
4,10,"2021-02-07",0
4,10,"2021-02-14",0
4,10,"2021-02-21",0
4,10,"2021-02-28",0
4,10,"2021-03-07",0
4,11,"2020-12-13",0
4,11,"2020-12-20",1
4,11,"2020-12-27",0
4,11,"2021-01-03",0
4,11,"2021-01-10",0
4,11,"2021-01-17",1
4,11,"2021-01-24",0
4,11,"2021-01-31",0
4,11,"2021-02-07",0
4,11,"2021-02-14",1
4,11,"2021-02-21",0
4,11,"2021-02-28",0
4,11,"2021-03-07",0
4,12,"2020-12-13",32
4,12,"2020-12-20",2
4,12,"2020-12-27",0
4,12,"2021-01-03",0
4,12,"2021-01-10",32
4,12,"2021-01-17",2
4,12,"2021-01-24",0
4,12,"2021-01-31",0
4,12,"2021-02-07",32
4,12,"2021-02-14",2
4,12,"2021-02-21",0
4,12,"2021-02-28",0
4,12,"2021-03-07",32
4,13,"2020-12-13",0
4,13,"2020-12-20",0
4,13,"2020-12-27",0
4,13,"2021-01-03",0
4,13,"2021-01-10",0
4,13,"2021-01-17",0
4,13,"2021-01-24",0
4,13,"2021-01-31",0
4,13,"2021-02-07",0
4,13,"2021-02-14",0
4,13,"2021-02-21",0
4,13,"2021-02-28",0
4,13,"2021-03-07",0
4,14,"2020-12-13",0
4,14,"2020-12-20",0
4,14,"2020-12-27",0
4,14,"2021-01-03",0
4,14,"2021-01-10",0
4,14,"2021-01-17",0
4,14,"2021-01-24",0
4,14,"2021-01-31",0
4,14,"2021-02-07",0
4,14,"2021-02-14",0
4,14,"2021-02-21",0
4,14,"2021-02-28",0
4,14,"2021-03-07",0
4,15,"2020-12-13",0
4,15,"2020-12-20",0
4,15,"2020-12-27",0
4,15,"2021-01-03",0
4,15,"2021-01-10",0
4,15,"2021-01-17",0
4,15,"2021-01-24",0
4,15,"2021-01-31",0
4,15,"2021-02-07",0
4,15,"2021-02-14",0
4,15,"2021-02-21",0
4,15,"2021-02-28",0
4,15,"2021-03-07",0
4,17,"2020-12-13",0
4,17,"2020-12-20",0
4,17,"2020-12-27",0
4,17,"2021-01-03",0
4,17,"2021-01-10",0
4,17,"2021-01-17",0
4,17,"2021-01-24",0
4,17,"2021-01-31",0
4,17,"2021-02-07",0
4,17,"2021-02-14",0
4,17,"2021-02-21",0
4,17,"2021-02-28",0
4,17,"2021-03-07",0
4,18,"2020-12-13",0
4,18,"2020-12-20",0
4,18,"2020-12-27",0
4,18,"2021-01-03",0
4,18,"2021-01-10",0
4,18,"2021-01-17",0
4,18,"2021-01-24",0
4,18,"2021-01-31",0
4,18,"2021-02-07",0
4,18,"2021-02-14",0
4,18,"2021-02-21",0
4,18,"2021-02-28",0
4,18,"2021-03-07",0
4,19,"2020-12-13",0
4,19,"2020-12-20",0
4,19,"2020-12-27",0
4,19,"2021-01-03",0
4,19,"2021-01-10",0
4,19,"2021-01-17",0
4,19,"2021-01-24",0
4,19,"2021-01-31",0
4,19,"2021-02-07",0
4,19,"2021-02-14",0
4,19,"2021-02-21",0
4,19,"2021-02-28",0
4,19,"2021-03-07",0
4,20,"2020-12-13",1
4,20,"2020-12-20",0
4,20,"2020-12-27",0
4,20,"2021-01-03",0
4,20,"2021-01-10",1
4,20,"2021-01-17",0
4,20,"2021-01-24",0
4,20,"2021-01-31",0
4,20,"2021-02-07",1
4,20,"2021-02-14",0
4,20,"2021-02-21",0
4,20,"2021-02-28",0
4,20,"2021-03-07",1
4,21,"2020-12-13",0
4,21,"2020-12-20",0
4,21,"2020-12-27",0
4,21,"2021-01-03",0
4,21,"2021-01-10",0
4,21,"2021-01-17",0
4,21,"2021-01-24",0
4,21,"2021-01-31",0
4,21,"2021-02-07",0
4,21,"2021-02-14",0
4,21,"2021-02-21",0
4,21,"2021-02-28",0
4,21,"2021-03-07",0
4,22,"2020-12-13",0
4,22,"2020-12-20",0
4,22,"2020-12-27",0
4,22,"2021-01-03",0
4,22,"2021-01-10",0
4,22,"2021-01-17",0
4,22,"2021-01-24",0
4,22,"2021-01-31",0
4,22,"2021-02-07",0
4,22,"2021-02-14",0
4,22,"2021-02-21",0
4,22,"2021-02-28",0
4,22,"2021-03-07",0
4,23,"2020-12-13",0
4,23,"2020-12-20",0
4,23,"2020-12-27",0
4,23,"2021-01-03",2
4,23,"2021-01-10",0
4,23,"2021-01-17",0
4,23,"2021-01-24",0
4,23,"2021-01-31",2
4,23,"2021-02-07",0
4,23,"2021-02-14",0
4,23,"2021-02-21",0
4,23,"2021-02-28",2
4,23,"2021-03-07",0
5,1,"2020-12-13",373
5,1,"2020-12-20",457
5,1,"2020-12-27",36
5,1,"2021-01-03",24
5,1,"2021-01-10",373
5,1,"2021-01-17",457
5,1,"2021-01-24",36
5,1,"2021-01-31",24
5,1,"2021-02-07",373
5,1,"2021-02-14",457
5,1,"2021-02-21",36
5,1,"2021-02-28",24
5,1,"2021-03-07",373
5,2,"2020-12-13",0
5,2,"2020-12-20",0
5,2,"2020-12-27",0
5,2,"2021-01-03",0
5,2,"2021-01-10",0
5,2,"2021-01-17",0
5,2,"2021-01-24",0
5,2,"2021-01-31",0
5,2,"2021-02-07",0
5,2,"2021-02-14",0
5,2,"2021-02-21",0
5,2,"2021-02-28",0
5,2,"2021-03-07",0
5,3,"2020-12-13",0
5,3,"2020-12-20",0
5,3,"2020-12-27",0
5,3,"2021-01-03",0
5,3,"2021-01-10",0
5,3,"2021-01-17",0
5,3,"2021-01-24",0
5,3,"2021-01-31",0
5,3,"2021-02-07",0
5,3,"2021-02-14",0
5,3,"2021-02-21",0
5,3,"2021-02-28",0
5,3,"2021-03-07",0
5,4,"2020-12-13",0
5,4,"2020-12-20",0
5,4,"2020-12-27",0
5,4,"2021-01-03",0
5,4,"2021-01-10",0
5,4,"2021-01-17",0
5,4,"2021-01-24",0
5,4,"2021-01-31",0
5,4,"2021-02-07",0
5,4,"2021-02-14",0
5,4,"2021-02-21",0
5,4,"2021-02-28",0
5,4,"2021-03-07",0
5,5,"2020-12-13",0
5,5,"2020-12-20",0
5,5,"2020-12-27",0
5,5,"2021-01-03",0
5,5,"2021-01-10",0
5,5,"2021-01-17",0
5,5,"2021-01-24",0
5,5,"2021-01-31",0
5,5,"2021-02-07",0
5,5,"2021-02-14",0
5,5,"2021-02-21",0
5,5,"2021-02-28",0
5,5,"2021-03-07",0
5,6,"2020-12-13",0
5,6,"2020-12-20",0
5,6,"2020-12-27",0
5,6,"2021-01-03",0
5,6,"2021-01-10",0
5,6,"2021-01-17",0
5,6,"2021-01-24",0
5,6,"2021-01-31",0
5,6,"2021-02-07",0
5,6,"2021-02-14",0
5,6,"2021-02-21",0
5,6,"2021-02-28",0
5,6,"2021-03-07",0
5,7,"2020-12-13",0
5,7,"2020-12-20",0
5,7,"2020-12-27",0
5,7,"2021-01-03",0
5,7,"2021-01-10",0
5,7,"2021-01-17",0
5,7,"2021-01-24",0
5,7,"2021-01-31",0
5,7,"2021-02-07",0
5,7,"2021-02-14",0
5,7,"2021-02-21",0
5,7,"2021-02-28",0
5,7,"2021-03-07",0
5,8,"2020-12-13",0
5,8,"2020-12-20",0
5,8,"2020-12-27",0
5,8,"2021-01-03",0
5,8,"2021-01-10",0
5,8,"2021-01-17",0
5,8,"2021-01-24",0
5,8,"2021-01-31",0
5,8,"2021-02-07",0
5,8,"2021-02-14",0
5,8,"2021-02-21",0
5,8,"2021-02-28",0
5,8,"2021-03-07",0
5,9,"2020-12-13",0
5,9,"2020-12-20",0
5,9,"2020-12-27",0
5,9,"2021-01-03",0
5,9,"2021-01-10",0
5,9,"2021-01-17",0
5,9,"2021-01-24",0
5,9,"2021-01-31",0
5,9,"2021-02-07",0
5,9,"2021-02-14",0
5,9,"2021-02-21",0
5,9,"2021-02-28",0
5,9,"2021-03-07",0
5,10,"2020-12-13",0
5,10,"2020-12-20",0
5,10,"2020-12-27",0
5,10,"2021-01-03",0
5,10,"2021-01-10",0
5,10,"2021-01-17",0
5,10,"2021-01-24",0
5,10,"2021-01-31",0
5,10,"2021-02-07",0
5,10,"2021-02-14",0
5,10,"2021-02-21",0
5,10,"2021-02-28",0
5,10,"2021-03-07",0
5,11,"2020-12-13",0
5,11,"2020-12-20",0
5,11,"2020-12-27",0
5,11,"2021-01-03",0
5,11,"2021-01-10",0
5,11,"2021-01-17",0
5,11,"2021-01-24",0
5,11,"2021-01-31",0
5,11,"2021-02-07",0
5,11,"2021-02-14",0
5,11,"2021-02-21",0
5,11,"2021-02-28",0
5,11,"2021-03-07",0
5,12,"2020-12-13",0
5,12,"2020-12-20",312
5,12,"2020-12-27",0
5,12,"2021-01-03",0
5,12,"2021-01-10",0
5,12,"2021-01-17",312
5,12,"2021-01-24",0
5,12,"2021-01-31",0
5,12,"2021-02-07",0
5,12,"2021-02-14",312
5,12,"2021-02-21",0
5,12,"2021-02-28",0
5,12,"2021-03-07",0
5,13,"2020-12-13",0
5,13,"2020-12-20",0
5,13,"2020-12-27",0
5,13,"2021-01-03",0
5,13,"2021-01-10",0
5,13,"2021-01-17",0
5,13,"2021-01-24",0
5,13,"2021-01-31",0
5,13,"2021-02-07",0
5,13,"2021-02-14",0
5,13,"2021-02-21",0
5,13,"2021-02-28",0
5,13,"2021-03-07",0
5,14,"2020-12-13",0
5,14,"2020-12-20",0
5,14,"2020-12-27",0
5,14,"2021-01-03",0
5,14,"2021-01-10",0
5,14,"2021-01-17",0
5,14,"2021-01-24",0
5,14,"2021-01-31",0
5,14,"2021-02-07",0
5,14,"2021-02-14",0
5,14,"2021-02-21",0
5,14,"2021-02-28",0
5,14,"2021-03-07",0
5,15,"2020-12-13",0
5,15,"2020-12-20",0
5,15,"2020-12-27",0
5,15,"2021-01-03",0
5,15,"2021-01-10",0
5,15,"2021-01-17",0
5,15,"2021-01-24",0
5,15,"2021-01-31",0
5,15,"2021-02-07",0
5,15,"2021-02-14",0
5,15,"2021-02-21",0
5,15,"2021-02-28",0
5,15,"2021-03-07",0
5,17,"2020-12-13",0
5,17,"2020-12-20",0
5,17,"2020-12-27",0
5,17,"2021-01-03",0
5,17,"2021-01-10",0
5,17,"2021-01-17",0
5,17,"2021-01-24",0
5,17,"2021-01-31",0
5,17,"2021-02-07",0
5,17,"2021-02-14",0
5,17,"2021-02-21",0
5,17,"2021-02-28",0
5,17,"2021-03-07",0
5,18,"2020-12-13",0
5,18,"2020-12-20",0
5,18,"2020-12-27",0
5,18,"2021-01-03",0
5,18,"2021-01-10",0
5,18,"2021-01-17",0
5,18,"2021-01-24",0
5,18,"2021-01-31",0
5,18,"2021-02-07",0
5,18,"2021-02-14",0
5,18,"2021-02-21",0
5,18,"2021-02-28",0
5,18,"2021-03-07",0
5,19,"2020-12-13",0
5,19,"2020-12-20",0
5,19,"2020-12-27",0
5,19,"2021-01-03",0
5,19,"2021-01-10",0
5,19,"2021-01-17",0
5,19,"2021-01-24",0
5,19,"2021-01-31",0
5,19,"2021-02-07",0
5,19,"2021-02-14",0
5,19,"2021-02-21",0
5,19,"2021-02-28",0
5,19,"2021-03-07",0
5,20,"2020-12-13",12
5,20,"2020-12-20",0
5,20,"2020-12-27",0
5,20,"2021-01-03",0
5,20,"2021-01-10",12
5,20,"2021-01-17",0
5,20,"2021-01-24",0
5,20,"2021-01-31",0
5,20,"2021-02-07",12
5,20,"2021-02-14",0
5,20,"2021-02-21",0
5,20,"2021-02-28",0
5,20,"2021-03-07",12
5,21,"2020-12-13",0
5,21,"2020-12-20",0
5,21,"2020-12-27",0
5,21,"2021-01-03",0
5,21,"2021-01-10",0
5,21,"2021-01-17",0
5,21,"2021-01-24",0
5,21,"2021-01-31",0
5,21,"2021-02-07",0
5,21,"2021-02-14",0
5,21,"2021-02-21",0
5,21,"2021-02-28",0
5,21,"2021-03-07",0
5,22,"2020-12-13",0
5,22,"2020-12-20",0
5,22,"2020-12-27",0
5,22,"2021-01-03",0
5,22,"2021-01-10",0
5,22,"2021-01-17",0
5,22,"2021-01-24",0
5,22,"2021-01-31",0
5,22,"2021-02-07",0
5,22,"2021-02-14",0
5,22,"2021-02-21",0
5,22,"2021-02-28",0
5,22,"2021-03-07",0
5,23,"2020-12-13",0
5,23,"2020-12-20",0
5,23,"2020-12-27",0
5,23,"2021-01-03",0
5,23,"2021-01-10",0
5,23,"2021-01-17",0
5,23,"2021-01-24",0
5,23,"2021-01-31",0
5,23,"2021-02-07",0
5,23,"2021-02-14",0
5,23,"2021-02-21",0
5,23,"2021-02-28",0
5,23,"2021-03-07",0
7,1,"2020-12-13",2000
7,1,"2020-12-20",2815
7,1,"2020-12-27",1716
7,1,"2021-01-03",2101
7,1,"2021-01-10",2000
7,1,"2021-01-17",2815
7,1,"2021-01-24",1716
7,1,"2021-01-31",2101
7,1,"2021-02-07",2000
7,1,"2021-02-14",2815
7,1,"2021-02-21",1716
7,1,"2021-02-28",2101
7,1,"2021-03-07",2000
7,2,"2020-12-13",0
7,2,"2020-12-20",0
7,2,"2020-12-27",0
7,2,"2021-01-03",39
7,2,"2021-01-10",0
7,2,"2021-01-17",0
7,2,"2021-01-24",0
7,2,"2021-01-31",39
7,2,"2021-02-07",0
7,2,"2021-02-14",0
7,2,"2021-02-21",0
7,2,"2021-02-28",39
7,2,"2021-03-07",0
7,3,"2020-12-13",0
7,3,"2020-12-20",0
7,3,"2020-12-27",0
7,3,"2021-01-03",0
7,3,"2021-01-10",0
7,3,"2021-01-17",0
7,3,"2021-01-24",0
7,3,"2021-01-31",0
7,3,"2021-02-07",0
7,3,"2021-02-14",0
7,3,"2021-02-21",0
7,3,"2021-02-28",0
7,3,"2021-03-07",0
7,4,"2020-12-13",0
7,4,"2020-12-20",0
7,4,"2020-12-27",0
7,4,"2021-01-03",0
7,4,"2021-01-10",0
7,4,"2021-01-17",0
7,4,"2021-01-24",0
7,4,"2021-01-31",0
7,4,"2021-02-07",0
7,4,"2021-02-14",0
7,4,"2021-02-21",0
7,4,"2021-02-28",0
7,4,"2021-03-07",0
7,5,"2020-12-13",0
7,5,"2020-12-20",0
7,5,"2020-12-27",54
7,5,"2021-01-03",0
7,5,"2021-01-10",0
7,5,"2021-01-17",0
7,5,"2021-01-24",54
7,5,"2021-01-31",0
7,5,"2021-02-07",0
7,5,"2021-02-14",0
7,5,"2021-02-21",54
7,5,"2021-02-28",0
7,5,"2021-03-07",0
7,6,"2020-12-13",4
7,6,"2020-12-20",0
7,6,"2020-12-27",146
7,6,"2021-01-03",0
7,6,"2021-01-10",4
7,6,"2021-01-17",0
7,6,"2021-01-24",146
7,6,"2021-01-31",0
7,6,"2021-02-07",4
7,6,"2021-02-14",0
7,6,"2021-02-21",146
7,6,"2021-02-28",0
7,6,"2021-03-07",4
7,7,"2020-12-13",70
7,7,"2020-12-20",0
7,7,"2020-12-27",12
7,7,"2021-01-03",0
7,7,"2021-01-10",70
7,7,"2021-01-17",0
7,7,"2021-01-24",12
7,7,"2021-01-31",0
7,7,"2021-02-07",70
7,7,"2021-02-14",0
7,7,"2021-02-21",12
7,7,"2021-02-28",0
7,7,"2021-03-07",70
7,8,"2020-12-13",0
7,8,"2020-12-20",0
7,8,"2020-12-27",0
7,8,"2021-01-03",0
7,8,"2021-01-10",0
7,8,"2021-01-17",0
7,8,"2021-01-24",0
7,8,"2021-01-31",0
7,8,"2021-02-07",0
7,8,"2021-02-14",0
7,8,"2021-02-21",0
7,8,"2021-02-28",0
7,8,"2021-03-07",0
7,9,"2020-12-13",24
7,9,"2020-12-20",0
7,9,"2020-12-27",0
7,9,"2021-01-03",0
7,9,"2021-01-10",24
7,9,"2021-01-17",0
7,9,"2021-01-24",0
7,9,"2021-01-31",0
7,9,"2021-02-07",24
7,9,"2021-02-14",0
7,9,"2021-02-21",0
7,9,"2021-02-28",0
7,9,"2021-03-07",24
7,10,"2020-12-13",0
7,10,"2020-12-20",0
7,10,"2020-12-27",0
7,10,"2021-01-03",0
7,10,"2021-01-10",0
7,10,"2021-01-17",0
7,10,"2021-01-24",0
7,10,"2021-01-31",0
7,10,"2021-02-07",0
7,10,"2021-02-14",0
7,10,"2021-02-21",0
7,10,"2021-02-28",0
7,10,"2021-03-07",0
7,11,"2020-12-13",0
7,11,"2020-12-20",0
7,11,"2020-12-27",0
7,11,"2021-01-03",0
7,11,"2021-01-10",0
7,11,"2021-01-17",0
7,11,"2021-01-24",0
7,11,"2021-01-31",0
7,11,"2021-02-07",0
7,11,"2021-02-14",0
7,11,"2021-02-21",0
7,11,"2021-02-28",0
7,11,"2021-03-07",0
7,12,"2020-12-13",0
7,12,"2020-12-20",0
7,12,"2020-12-27",0
7,12,"2021-01-03",0
7,12,"2021-01-10",0
7,12,"2021-01-17",0
7,12,"2021-01-24",0
7,12,"2021-01-31",0
7,12,"2021-02-07",0
7,12,"2021-02-14",0
7,12,"2021-02-21",0
7,12,"2021-02-28",0
7,12,"2021-03-07",0
7,13,"2020-12-13",10
7,13,"2020-12-20",0
7,13,"2020-12-27",0
7,13,"2021-01-03",0
7,13,"2021-01-10",10
7,13,"2021-01-17",0
7,13,"2021-01-24",0
7,13,"2021-01-31",0
7,13,"2021-02-07",10
7,13,"2021-02-14",0
7,13,"2021-02-21",0
7,13,"2021-02-28",0
7,13,"2021-03-07",10
7,14,"2020-12-13",0
7,14,"2020-12-20",0
7,14,"2020-12-27",0
7,14,"2021-01-03",0
7,14,"2021-01-10",0
7,14,"2021-01-17",0
7,14,"2021-01-24",0
7,14,"2021-01-31",0
7,14,"2021-02-07",0
7,14,"2021-02-14",0
7,14,"2021-02-21",0
7,14,"2021-02-28",0
7,14,"2021-03-07",0
7,15,"2020-12-13",0
7,15,"2020-12-20",0
7,15,"2020-12-27",0
7,15,"2021-01-03",0
7,15,"2021-01-10",0
7,15,"2021-01-17",0
7,15,"2021-01-24",0
7,15,"2021-01-31",0
7,15,"2021-02-07",0
7,15,"2021-02-14",0
7,15,"2021-02-21",0
7,15,"2021-02-28",0
7,15,"2021-03-07",0
7,17,"2020-12-13",0
7,17,"2020-12-20",0
7,17,"2020-12-27",0
7,17,"2021-01-03",0
7,17,"2021-01-10",0
7,17,"2021-01-17",0
7,17,"2021-01-24",0
7,17,"2021-01-31",0
7,17,"2021-02-07",0
7,17,"2021-02-14",0
7,17,"2021-02-21",0
7,17,"2021-02-28",0
7,17,"2021-03-07",0
7,18,"2020-12-13",0
7,18,"2020-12-20",0
7,18,"2020-12-27",0
7,18,"2021-01-03",0
7,18,"2021-01-10",0
7,18,"2021-01-17",0
7,18,"2021-01-24",0
7,18,"2021-01-31",0
7,18,"2021-02-07",0
7,18,"2021-02-14",0
7,18,"2021-02-21",0
7,18,"2021-02-28",0
7,18,"2021-03-07",0
7,19,"2020-12-13",60
7,19,"2020-12-20",0
7,19,"2020-12-27",12
7,19,"2021-01-03",0
7,19,"2021-01-10",60
7,19,"2021-01-17",0
7,19,"2021-01-24",12
7,19,"2021-01-31",0
7,19,"2021-02-07",60
7,19,"2021-02-14",0
7,19,"2021-02-21",12
7,19,"2021-02-28",0
7,19,"2021-03-07",60
7,20,"2020-12-13",0
7,20,"2020-12-20",0
7,20,"2020-12-27",0
7,20,"2021-01-03",0
7,20,"2021-01-10",0
7,20,"2021-01-17",0
7,20,"2021-01-24",0
7,20,"2021-01-31",0
7,20,"2021-02-07",0
7,20,"2021-02-14",0
7,20,"2021-02-21",0
7,20,"2021-02-28",0
7,20,"2021-03-07",0
7,21,"2020-12-13",0
7,21,"2020-12-20",0
7,21,"2020-12-27",0
7,21,"2021-01-03",0
7,21,"2021-01-10",0
7,21,"2021-01-17",0
7,21,"2021-01-24",0
7,21,"2021-01-31",0
7,21,"2021-02-07",0
7,21,"2021-02-14",0
7,21,"2021-02-21",0
7,21,"2021-02-28",0
7,21,"2021-03-07",0
7,22,"2020-12-13",0
7,22,"2020-12-20",0
7,22,"2020-12-27",0
7,22,"2021-01-03",0
7,22,"2021-01-10",0
7,22,"2021-01-17",0
7,22,"2021-01-24",0
7,22,"2021-01-31",0
7,22,"2021-02-07",0
7,22,"2021-02-14",0
7,22,"2021-02-21",0
7,22,"2021-02-28",0
7,22,"2021-03-07",0
7,23,"2020-12-13",49
7,23,"2020-12-20",0
7,23,"2020-12-27",0
7,23,"2021-01-03",0
7,23,"2021-01-10",49
7,23,"2021-01-17",0
7,23,"2021-01-24",0
7,23,"2021-01-31",0
7,23,"2021-02-07",49
7,23,"2021-02-14",0
7,23,"2021-02-21",0
7,23,"2021-02-28",0
7,23,"2021-03-07",49
8,1,"2020-12-13",13866
8,1,"2020-12-20",25138
8,1,"2020-12-27",12243
8,1,"2021-01-03",6765
8,1,"2021-01-10",13866
8,1,"2021-01-17",25138
8,1,"2021-01-24",12243
8,1,"2021-01-31",6765
8,1,"2021-02-07",13866
8,1,"2021-02-14",25138
8,1,"2021-02-21",12243
8,1,"2021-02-28",6765
8,1,"2021-03-07",13866
8,2,"2020-12-13",260
8,2,"2020-12-20",220
8,2,"2020-12-27",180
8,2,"2021-01-03",50
8,2,"2021-01-10",260
8,2,"2021-01-17",220
8,2,"2021-01-24",180
8,2,"2021-01-31",50
8,2,"2021-02-07",260
8,2,"2021-02-14",220
8,2,"2021-02-21",180
8,2,"2021-02-28",50
8,2,"2021-03-07",260
8,3,"2020-12-13",120
8,3,"2020-12-20",0
8,3,"2020-12-27",27
8,3,"2021-01-03",0
8,3,"2021-01-10",120
8,3,"2021-01-17",0
8,3,"2021-01-24",27
8,3,"2021-01-31",0
8,3,"2021-02-07",120
8,3,"2021-02-14",0
8,3,"2021-02-21",27
8,3,"2021-02-28",0
8,3,"2021-03-07",120
8,4,"2020-12-13",0
8,4,"2020-12-20",448
8,4,"2020-12-27",1412
8,4,"2021-01-03",0
8,4,"2021-01-10",0
8,4,"2021-01-17",448
8,4,"2021-01-24",1412
8,4,"2021-01-31",0
8,4,"2021-02-07",0
8,4,"2021-02-14",448
8,4,"2021-02-21",1412
8,4,"2021-02-28",0
8,4,"2021-03-07",0
8,5,"2020-12-13",575
8,5,"2020-12-20",510
8,5,"2020-12-27",447
8,5,"2021-01-03",108
8,5,"2021-01-10",575
8,5,"2021-01-17",510
8,5,"2021-01-24",447
8,5,"2021-01-31",108
8,5,"2021-02-07",575
8,5,"2021-02-14",510
8,5,"2021-02-21",447
8,5,"2021-02-28",108
8,5,"2021-03-07",575
8,6,"2020-12-13",59
8,6,"2020-12-20",0
8,6,"2020-12-27",212
8,6,"2021-01-03",47
8,6,"2021-01-10",59
8,6,"2021-01-17",0
8,6,"2021-01-24",212
8,6,"2021-01-31",47
8,6,"2021-02-07",59
8,6,"2021-02-14",0
8,6,"2021-02-21",212
8,6,"2021-02-28",47
8,6,"2021-03-07",59
8,7,"2020-12-13",875
8,7,"2020-12-20",343
8,7,"2020-12-27",156
8,7,"2021-01-03",163
8,7,"2021-01-10",875
8,7,"2021-01-17",343
8,7,"2021-01-24",156
8,7,"2021-01-31",163
8,7,"2021-02-07",875
8,7,"2021-02-14",343
8,7,"2021-02-21",156
8,7,"2021-02-28",163
8,7,"2021-03-07",875
8,8,"2020-12-13",24
8,8,"2020-12-20",12
8,8,"2020-12-27",0
8,8,"2021-01-03",0
8,8,"2021-01-10",24
8,8,"2021-01-17",12
8,8,"2021-01-24",0
8,8,"2021-01-31",0
8,8,"2021-02-07",24
8,8,"2021-02-14",12
8,8,"2021-02-21",0
8,8,"2021-02-28",0
8,8,"2021-03-07",24
8,9,"2020-12-13",138
8,9,"2020-12-20",720
8,9,"2020-12-27",1
8,9,"2021-01-03",0
8,9,"2021-01-10",138
8,9,"2021-01-17",720
8,9,"2021-01-24",1
8,9,"2021-01-31",0
8,9,"2021-02-07",138
8,9,"2021-02-14",720
8,9,"2021-02-21",1
8,9,"2021-02-28",0
8,9,"2021-03-07",138
8,10,"2020-12-13",0
8,10,"2020-12-20",0
8,10,"2020-12-27",0
8,10,"2021-01-03",0
8,10,"2021-01-10",0
8,10,"2021-01-17",0
8,10,"2021-01-24",0
8,10,"2021-01-31",0
8,10,"2021-02-07",0
8,10,"2021-02-14",0
8,10,"2021-02-21",0
8,10,"2021-02-28",0
8,10,"2021-03-07",0
8,11,"2020-12-13",4
8,11,"2020-12-20",25
8,11,"2020-12-27",21
8,11,"2021-01-03",0
8,11,"2021-01-10",4
8,11,"2021-01-17",25
8,11,"2021-01-24",21
8,11,"2021-01-31",0
8,11,"2021-02-07",4
8,11,"2021-02-14",25
8,11,"2021-02-21",21
8,11,"2021-02-28",0
8,11,"2021-03-07",4
8,12,"2020-12-13",29
8,12,"2020-12-20",6
8,12,"2020-12-27",0
8,12,"2021-01-03",0
8,12,"2021-01-10",29
8,12,"2021-01-17",6
8,12,"2021-01-24",0
8,12,"2021-01-31",0
8,12,"2021-02-07",29
8,12,"2021-02-14",6
8,12,"2021-02-21",0
8,12,"2021-02-28",0
8,12,"2021-03-07",29
8,13,"2020-12-13",24
8,13,"2020-12-20",12
8,13,"2020-12-27",67
8,13,"2021-01-03",12
8,13,"2021-01-10",24
8,13,"2021-01-17",12
8,13,"2021-01-24",67
8,13,"2021-01-31",12
8,13,"2021-02-07",24
8,13,"2021-02-14",12
8,13,"2021-02-21",67
8,13,"2021-02-28",12
8,13,"2021-03-07",24
8,14,"2020-12-13",0
8,14,"2020-12-20",0
8,14,"2020-12-27",0
8,14,"2021-01-03",0
8,14,"2021-01-10",0
8,14,"2021-01-17",0
8,14,"2021-01-24",0
8,14,"2021-01-31",0
8,14,"2021-02-07",0
8,14,"2021-02-14",0
8,14,"2021-02-21",0
8,14,"2021-02-28",0
8,14,"2021-03-07",0
8,15,"2020-12-13",0
8,15,"2020-12-20",0
8,15,"2020-12-27",0
8,15,"2021-01-03",0
8,15,"2021-01-10",0
8,15,"2021-01-17",0
8,15,"2021-01-24",0
8,15,"2021-01-31",0
8,15,"2021-02-07",0
8,15,"2021-02-14",0
8,15,"2021-02-21",0
8,15,"2021-02-28",0
8,15,"2021-03-07",0
8,17,"2020-12-13",0
8,17,"2020-12-20",0
8,17,"2020-12-27",0
8,17,"2021-01-03",0
8,17,"2021-01-10",0
8,17,"2021-01-17",0
8,17,"2021-01-24",0
8,17,"2021-01-31",0
8,17,"2021-02-07",0
8,17,"2021-02-14",0
8,17,"2021-02-21",0
8,17,"2021-02-28",0
8,17,"2021-03-07",0
8,18,"2020-12-13",4
8,18,"2020-12-20",0
8,18,"2020-12-27",0
8,18,"2021-01-03",0
8,18,"2021-01-10",4
8,18,"2021-01-17",0
8,18,"2021-01-24",0
8,18,"2021-01-31",0
8,18,"2021-02-07",4
8,18,"2021-02-14",0
8,18,"2021-02-21",0
8,18,"2021-02-28",0
8,18,"2021-03-07",4
8,19,"2020-12-13",176
8,19,"2020-12-20",0
8,19,"2020-12-27",96
8,19,"2021-01-03",0
8,19,"2021-01-10",176
8,19,"2021-01-17",0
8,19,"2021-01-24",96
8,19,"2021-01-31",0
8,19,"2021-02-07",176
8,19,"2021-02-14",0
8,19,"2021-02-21",96
8,19,"2021-02-28",0
8,19,"2021-03-07",176
8,20,"2020-12-13",22
8,20,"2020-12-20",0
8,20,"2020-12-27",84
8,20,"2021-01-03",0
8,20,"2021-01-10",22
8,20,"2021-01-17",0
8,20,"2021-01-24",84
8,20,"2021-01-31",0
8,20,"2021-02-07",22
8,20,"2021-02-14",0
8,20,"2021-02-21",84
8,20,"2021-02-28",0
8,20,"2021-03-07",22
8,21,"2020-12-13",0
8,21,"2020-12-20",0
8,21,"2020-12-27",960
8,21,"2021-01-03",0
8,21,"2021-01-10",0
8,21,"2021-01-17",0
8,21,"2021-01-24",960
8,21,"2021-01-31",0
8,21,"2021-02-07",0
8,21,"2021-02-14",0
8,21,"2021-02-21",960
8,21,"2021-02-28",0
8,21,"2021-03-07",0
8,22,"2020-12-13",2
8,22,"2020-12-20",72
8,22,"2020-12-27",44
8,22,"2021-01-03",96
8,22,"2021-01-10",2
8,22,"2021-01-17",72
8,22,"2021-01-24",44
8,22,"2021-01-31",96
8,22,"2021-02-07",2
8,22,"2021-02-14",72
8,22,"2021-02-21",44
8,22,"2021-02-28",96
8,22,"2021-03-07",2
8,23,"2020-12-13",24
8,23,"2020-12-20",0
8,23,"2020-12-27",0
8,23,"2021-01-03",0
8,23,"2021-01-10",24
8,23,"2021-01-17",0
8,23,"2021-01-24",0
8,23,"2021-01-31",0
8,23,"2021-02-07",24
8,23,"2021-02-14",0
8,23,"2021-02-21",0
8,23,"2021-02-28",0
8,23,"2021-03-07",24
9,1,"2020-12-13",242
9,1,"2020-12-20",150
9,1,"2020-12-27",41
9,1,"2021-01-03",2
9,1,"2021-01-10",242
9,1,"2021-01-17",150
9,1,"2021-01-24",41
9,1,"2021-01-31",2
9,1,"2021-02-07",242
9,1,"2021-02-14",150
9,1,"2021-02-21",41
9,1,"2021-02-28",2
9,1,"2021-03-07",242
9,2,"2020-12-13",0
9,2,"2020-12-20",18
9,2,"2020-12-27",0
9,2,"2021-01-03",0
9,2,"2021-01-10",0
9,2,"2021-01-17",18
9,2,"2021-01-24",0
9,2,"2021-01-31",0
9,2,"2021-02-07",0
9,2,"2021-02-14",18
9,2,"2021-02-21",0
9,2,"2021-02-28",0
9,2,"2021-03-07",0
9,3,"2020-12-13",0
9,3,"2020-12-20",0
9,3,"2020-12-27",0
9,3,"2021-01-03",0
9,3,"2021-01-10",0
9,3,"2021-01-17",0
9,3,"2021-01-24",0
9,3,"2021-01-31",0
9,3,"2021-02-07",0
9,3,"2021-02-14",0
9,3,"2021-02-21",0
9,3,"2021-02-28",0
9,3,"2021-03-07",0
9,4,"2020-12-13",24
9,4,"2020-12-20",0
9,4,"2020-12-27",0
9,4,"2021-01-03",0
9,4,"2021-01-10",24
9,4,"2021-01-17",0
9,4,"2021-01-24",0
9,4,"2021-01-31",0
9,4,"2021-02-07",24
9,4,"2021-02-14",0
9,4,"2021-02-21",0
9,4,"2021-02-28",0
9,4,"2021-03-07",24
9,5,"2020-12-13",0
9,5,"2020-12-20",0
9,5,"2020-12-27",0
9,5,"2021-01-03",0
9,5,"2021-01-10",0
9,5,"2021-01-17",0
9,5,"2021-01-24",0
9,5,"2021-01-31",0
9,5,"2021-02-07",0
9,5,"2021-02-14",0
9,5,"2021-02-21",0
9,5,"2021-02-28",0
9,5,"2021-03-07",0
9,6,"2020-12-13",0
9,6,"2020-12-20",0
9,6,"2020-12-27",0
9,6,"2021-01-03",0
9,6,"2021-01-10",0
9,6,"2021-01-17",0
9,6,"2021-01-24",0
9,6,"2021-01-31",0
9,6,"2021-02-07",0
9,6,"2021-02-14",0
9,6,"2021-02-21",0
9,6,"2021-02-28",0
9,6,"2021-03-07",0
9,7,"2020-12-13",24
9,7,"2020-12-20",0
9,7,"2020-12-27",0
9,7,"2021-01-03",0
9,7,"2021-01-10",24
9,7,"2021-01-17",0
9,7,"2021-01-24",0
9,7,"2021-01-31",0
9,7,"2021-02-07",24
9,7,"2021-02-14",0
9,7,"2021-02-21",0
9,7,"2021-02-28",0
9,7,"2021-03-07",24
9,8,"2020-12-13",0
9,8,"2020-12-20",0
9,8,"2020-12-27",0
9,8,"2021-01-03",0
9,8,"2021-01-10",0
9,8,"2021-01-17",0
9,8,"2021-01-24",0
9,8,"2021-01-31",0
9,8,"2021-02-07",0
9,8,"2021-02-14",0
9,8,"2021-02-21",0
9,8,"2021-02-28",0
9,8,"2021-03-07",0
9,9,"2020-12-13",0
9,9,"2020-12-20",0
9,9,"2020-12-27",0
9,9,"2021-01-03",0
9,9,"2021-01-10",0
9,9,"2021-01-17",0
9,9,"2021-01-24",0
9,9,"2021-01-31",0
9,9,"2021-02-07",0
9,9,"2021-02-14",0
9,9,"2021-02-21",0
9,9,"2021-02-28",0
9,9,"2021-03-07",0
9,10,"2020-12-13",0
9,10,"2020-12-20",0
9,10,"2020-12-27",0
9,10,"2021-01-03",0
9,10,"2021-01-10",0
9,10,"2021-01-17",0
9,10,"2021-01-24",0
9,10,"2021-01-31",0
9,10,"2021-02-07",0
9,10,"2021-02-14",0
9,10,"2021-02-21",0
9,10,"2021-02-28",0
9,10,"2021-03-07",0
9,11,"2020-12-13",0
9,11,"2020-12-20",0
9,11,"2020-12-27",0
9,11,"2021-01-03",0
9,11,"2021-01-10",0
9,11,"2021-01-17",0
9,11,"2021-01-24",0
9,11,"2021-01-31",0
9,11,"2021-02-07",0
9,11,"2021-02-14",0
9,11,"2021-02-21",0
9,11,"2021-02-28",0
9,11,"2021-03-07",0
9,12,"2020-12-13",0
9,12,"2020-12-20",0
9,12,"2020-12-27",0
9,12,"2021-01-03",0
9,12,"2021-01-10",0
9,12,"2021-01-17",0
9,12,"2021-01-24",0
9,12,"2021-01-31",0
9,12,"2021-02-07",0
9,12,"2021-02-14",0
9,12,"2021-02-21",0
9,12,"2021-02-28",0
9,12,"2021-03-07",0
9,13,"2020-12-13",0
9,13,"2020-12-20",0
9,13,"2020-12-27",0
9,13,"2021-01-03",0
9,13,"2021-01-10",0
9,13,"2021-01-17",0
9,13,"2021-01-24",0
9,13,"2021-01-31",0
9,13,"2021-02-07",0
9,13,"2021-02-14",0
9,13,"2021-02-21",0
9,13,"2021-02-28",0
9,13,"2021-03-07",0
9,14,"2020-12-13",0
9,14,"2020-12-20",0
9,14,"2020-12-27",0
9,14,"2021-01-03",0
9,14,"2021-01-10",0
9,14,"2021-01-17",0
9,14,"2021-01-24",0
9,14,"2021-01-31",0
9,14,"2021-02-07",0
9,14,"2021-02-14",0
9,14,"2021-02-21",0
9,14,"2021-02-28",0
9,14,"2021-03-07",0
9,15,"2020-12-13",0
9,15,"2020-12-20",0
9,15,"2020-12-27",0
9,15,"2021-01-03",0
9,15,"2021-01-10",0
9,15,"2021-01-17",0
9,15,"2021-01-24",0
9,15,"2021-01-31",0
9,15,"2021-02-07",0
9,15,"2021-02-14",0
9,15,"2021-02-21",0
9,15,"2021-02-28",0
9,15,"2021-03-07",0
9,17,"2020-12-13",0
9,17,"2020-12-20",0
9,17,"2020-12-27",0
9,17,"2021-01-03",0
9,17,"2021-01-10",0
9,17,"2021-01-17",0
9,17,"2021-01-24",0
9,17,"2021-01-31",0
9,17,"2021-02-07",0
9,17,"2021-02-14",0
9,17,"2021-02-21",0
9,17,"2021-02-28",0
9,17,"2021-03-07",0
9,18,"2020-12-13",0
9,18,"2020-12-20",0
9,18,"2020-12-27",0
9,18,"2021-01-03",0
9,18,"2021-01-10",0
9,18,"2021-01-17",0
9,18,"2021-01-24",0
9,18,"2021-01-31",0
9,18,"2021-02-07",0
9,18,"2021-02-14",0
9,18,"2021-02-21",0
9,18,"2021-02-28",0
9,18,"2021-03-07",0
9,19,"2020-12-13",0
9,19,"2020-12-20",0
9,19,"2020-12-27",0
9,19,"2021-01-03",0
9,19,"2021-01-10",0
9,19,"2021-01-17",0
9,19,"2021-01-24",0
9,19,"2021-01-31",0
9,19,"2021-02-07",0
9,19,"2021-02-14",0
9,19,"2021-02-21",0
9,19,"2021-02-28",0
9,19,"2021-03-07",0
9,20,"2020-12-13",0
9,20,"2020-12-20",0
9,20,"2020-12-27",0
9,20,"2021-01-03",0
9,20,"2021-01-10",0
9,20,"2021-01-17",0
9,20,"2021-01-24",0
9,20,"2021-01-31",0
9,20,"2021-02-07",0
9,20,"2021-02-14",0
9,20,"2021-02-21",0
9,20,"2021-02-28",0
9,20,"2021-03-07",0
9,21,"2020-12-13",0
9,21,"2020-12-20",0
9,21,"2020-12-27",0
9,21,"2021-01-03",0
9,21,"2021-01-10",0
9,21,"2021-01-17",0
9,21,"2021-01-24",0
9,21,"2021-01-31",0
9,21,"2021-02-07",0
9,21,"2021-02-14",0
9,21,"2021-02-21",0
9,21,"2021-02-28",0
9,21,"2021-03-07",0
9,22,"2020-12-13",6
9,22,"2020-12-20",0
9,22,"2020-12-27",0
9,22,"2021-01-03",0
9,22,"2021-01-10",6
9,22,"2021-01-17",0
9,22,"2021-01-24",0
9,22,"2021-01-31",0
9,22,"2021-02-07",6
9,22,"2021-02-14",0
9,22,"2021-02-21",0
9,22,"2021-02-28",0
9,22,"2021-03-07",6
9,23,"2020-12-13",0
9,23,"2020-12-20",0
9,23,"2020-12-27",0
9,23,"2021-01-03",0
9,23,"2021-01-10",0
9,23,"2021-01-17",0
9,23,"2021-01-24",0
9,23,"2021-01-31",0
9,23,"2021-02-07",0
9,23,"2021-02-14",0
9,23,"2021-02-21",0
9,23,"2021-02-28",0
9,23,"2021-03-07",0
6,1,"2020-12-13",0
6,1,"2020-12-20",3
6,1,"2020-12-27",9
6,1,"2021-01-03",2
6,1,"2021-01-10",0
6,1,"2021-01-17",3
6,1,"2021-01-24",9
6,1,"2021-01-31",2
6,1,"2021-02-07",0
6,1,"2021-02-14",3
6,1,"2021-02-21",9
6,1,"2021-02-28",2
6,1,"2021-03-07",0
6,2,"2020-12-13",0
6,2,"2020-12-20",0
6,2,"2020-12-27",0
6,2,"2021-01-03",0
6,2,"2021-01-10",0
6,2,"2021-01-17",0
6,2,"2021-01-24",0
6,2,"2021-01-31",0
6,2,"2021-02-07",0
6,2,"2021-02-14",0
6,2,"2021-02-21",0
6,2,"2021-02-28",0
6,2,"2021-03-07",0
6,3,"2020-12-13",0
6,3,"2020-12-20",0
6,3,"2020-12-27",0
6,3,"2021-01-03",0
6,3,"2021-01-10",0
6,3,"2021-01-17",0
6,3,"2021-01-24",0
6,3,"2021-01-31",0
6,3,"2021-02-07",0
6,3,"2021-02-14",0
6,3,"2021-02-21",0
6,3,"2021-02-28",0
6,3,"2021-03-07",0
6,4,"2020-12-13",0
6,4,"2020-12-20",0
6,4,"2020-12-27",0
6,4,"2021-01-03",0
6,4,"2021-01-10",0
6,4,"2021-01-17",0
6,4,"2021-01-24",0
6,4,"2021-01-31",0
6,4,"2021-02-07",0
6,4,"2021-02-14",0
6,4,"2021-02-21",0
6,4,"2021-02-28",0
6,4,"2021-03-07",0
6,5,"2020-12-13",6
6,5,"2020-12-20",0
6,5,"2020-12-27",0
6,5,"2021-01-03",0
6,5,"2021-01-10",6
6,5,"2021-01-17",0
6,5,"2021-01-24",0
6,5,"2021-01-31",0
6,5,"2021-02-07",6
6,5,"2021-02-14",0
6,5,"2021-02-21",0
6,5,"2021-02-28",0
6,5,"2021-03-07",6
6,6,"2020-12-13",0
6,6,"2020-12-20",0
6,6,"2020-12-27",0
6,6,"2021-01-03",0
6,6,"2021-01-10",0
6,6,"2021-01-17",0
6,6,"2021-01-24",0
6,6,"2021-01-31",0
6,6,"2021-02-07",0
6,6,"2021-02-14",0
6,6,"2021-02-21",0
6,6,"2021-02-28",0
6,6,"2021-03-07",0
6,7,"2020-12-13",0
6,7,"2020-12-20",0
6,7,"2020-12-27",0
6,7,"2021-01-03",0
6,7,"2021-01-10",0
6,7,"2021-01-17",0
6,7,"2021-01-24",0
6,7,"2021-01-31",0
6,7,"2021-02-07",0
6,7,"2021-02-14",0
6,7,"2021-02-21",0
6,7,"2021-02-28",0
6,7,"2021-03-07",0
6,8,"2020-12-13",0
6,8,"2020-12-20",0
6,8,"2020-12-27",0
6,8,"2021-01-03",0
6,8,"2021-01-10",0
6,8,"2021-01-17",0
6,8,"2021-01-24",0
6,8,"2021-01-31",0
6,8,"2021-02-07",0
6,8,"2021-02-14",0
6,8,"2021-02-21",0
6,8,"2021-02-28",0
6,8,"2021-03-07",0
6,9,"2020-12-13",0
6,9,"2020-12-20",0
6,9,"2020-12-27",0
6,9,"2021-01-03",0
6,9,"2021-01-10",0
6,9,"2021-01-17",0
6,9,"2021-01-24",0
6,9,"2021-01-31",0
6,9,"2021-02-07",0
6,9,"2021-02-14",0
6,9,"2021-02-21",0
6,9,"2021-02-28",0
6,9,"2021-03-07",0
6,10,"2020-12-13",0
6,10,"2020-12-20",0
6,10,"2020-12-27",0
6,10,"2021-01-03",0
6,10,"2021-01-10",0
6,10,"2021-01-17",0
6,10,"2021-01-24",0
6,10,"2021-01-31",0
6,10,"2021-02-07",0
6,10,"2021-02-14",0
6,10,"2021-02-21",0
6,10,"2021-02-28",0
6,10,"2021-03-07",0
6,11,"2020-12-13",0
6,11,"2020-12-20",0
6,11,"2020-12-27",0
6,11,"2021-01-03",0
6,11,"2021-01-10",0
6,11,"2021-01-17",0
6,11,"2021-01-24",0
6,11,"2021-01-31",0
6,11,"2021-02-07",0
6,11,"2021-02-14",0
6,11,"2021-02-21",0
6,11,"2021-02-28",0
6,11,"2021-03-07",0
6,12,"2020-12-13",0
6,12,"2020-12-20",0
6,12,"2020-12-27",0
6,12,"2021-01-03",0
6,12,"2021-01-10",0
6,12,"2021-01-17",0
6,12,"2021-01-24",0
6,12,"2021-01-31",0
6,12,"2021-02-07",0
6,12,"2021-02-14",0
6,12,"2021-02-21",0
6,12,"2021-02-28",0
6,12,"2021-03-07",0
6,13,"2020-12-13",0
6,13,"2020-12-20",0
6,13,"2020-12-27",0
6,13,"2021-01-03",0
6,13,"2021-01-10",0
6,13,"2021-01-17",0
6,13,"2021-01-24",0
6,13,"2021-01-31",0
6,13,"2021-02-07",0
6,13,"2021-02-14",0
6,13,"2021-02-21",0
6,13,"2021-02-28",0
6,13,"2021-03-07",0
6,14,"2020-12-13",0
6,14,"2020-12-20",0
6,14,"2020-12-27",0
6,14,"2021-01-03",0
6,14,"2021-01-10",0
6,14,"2021-01-17",0
6,14,"2021-01-24",0
6,14,"2021-01-31",0
6,14,"2021-02-07",0
6,14,"2021-02-14",0
6,14,"2021-02-21",0
6,14,"2021-02-28",0
6,14,"2021-03-07",0
6,15,"2020-12-13",0
6,15,"2020-12-20",0
6,15,"2020-12-27",0
6,15,"2021-01-03",0
6,15,"2021-01-10",0
6,15,"2021-01-17",0
6,15,"2021-01-24",0
6,15,"2021-01-31",0
6,15,"2021-02-07",0
6,15,"2021-02-14",0
6,15,"2021-02-21",0
6,15,"2021-02-28",0
6,15,"2021-03-07",0
6,17,"2020-12-13",0
6,17,"2020-12-20",0
6,17,"2020-12-27",0
6,17,"2021-01-03",0
6,17,"2021-01-10",0
6,17,"2021-01-17",0
6,17,"2021-01-24",0
6,17,"2021-01-31",0
6,17,"2021-02-07",0
6,17,"2021-02-14",0
6,17,"2021-02-21",0
6,17,"2021-02-28",0
6,17,"2021-03-07",0
6,18,"2020-12-13",0
6,18,"2020-12-20",0
6,18,"2020-12-27",0
6,18,"2021-01-03",0
6,18,"2021-01-10",0
6,18,"2021-01-17",0
6,18,"2021-01-24",0
6,18,"2021-01-31",0
6,18,"2021-02-07",0
6,18,"2021-02-14",0
6,18,"2021-02-21",0
6,18,"2021-02-28",0
6,18,"2021-03-07",0
6,19,"2020-12-13",0
6,19,"2020-12-20",0
6,19,"2020-12-27",0
6,19,"2021-01-03",0
6,19,"2021-01-10",0
6,19,"2021-01-17",0
6,19,"2021-01-24",0
6,19,"2021-01-31",0
6,19,"2021-02-07",0
6,19,"2021-02-14",0
6,19,"2021-02-21",0
6,19,"2021-02-28",0
6,19,"2021-03-07",0
6,20,"2020-12-13",0
6,20,"2020-12-20",0
6,20,"2020-12-27",0
6,20,"2021-01-03",0
6,20,"2021-01-10",0
6,20,"2021-01-17",0
6,20,"2021-01-24",0
6,20,"2021-01-31",0
6,20,"2021-02-07",0
6,20,"2021-02-14",0
6,20,"2021-02-21",0
6,20,"2021-02-28",0
6,20,"2021-03-07",0
6,21,"2020-12-13",0
6,21,"2020-12-20",0
6,21,"2020-12-27",0
6,21,"2021-01-03",0
6,21,"2021-01-10",0
6,21,"2021-01-17",0
6,21,"2021-01-24",0
6,21,"2021-01-31",0
6,21,"2021-02-07",0
6,21,"2021-02-14",0
6,21,"2021-02-21",0
6,21,"2021-02-28",0
6,21,"2021-03-07",0
6,22,"2020-12-13",0
6,22,"2020-12-20",0
6,22,"2020-12-27",0
6,22,"2021-01-03",0
6,22,"2021-01-10",0
6,22,"2021-01-17",0
6,22,"2021-01-24",0
6,22,"2021-01-31",0
6,22,"2021-02-07",0
6,22,"2021-02-14",0
6,22,"2021-02-21",0
6,22,"2021-02-28",0
6,22,"2021-03-07",0
6,23,"2020-12-13",0
6,23,"2020-12-20",0
6,23,"2020-12-27",0
6,23,"2021-01-03",0
6,23,"2021-01-10",0
6,23,"2021-01-17",0
6,23,"2021-01-24",0
6,23,"2021-01-31",0
6,23,"2021-02-07",0
6,23,"2021-02-14",0
6,23,"2021-02-21",0
6,23,"2021-02-28",0
6,23,"2021-03-07",0
